–¼‘O,ƒAƒhƒŒƒX,”N—î
Œ´ ˆ¤,hara_ai@example.com,55
’Ë–{ r“ñ,tsukamoto_shunji@example.com,49
Îì –‘¾˜Y,ishikawa_mantarou@example.com,65
‰–’J Œbq,shioya_keiko@example.com,80
‹´–{ „Šî,hashimoto_yoshiki@example.com,43
“‡è ‰ë•F,shimazaki_masahiko@example.com,80
ÄR Ÿ‹v,shibayama_katsuhisa@example.com,70
¬–ì“c Œc“ñ,onoda_keiji@example.com,27
‹e“c ‚«‚İ‚Ü‚ë,kikuta_kimimaro@example.com,68
‘åR MŒá,ooyama_shingo@example.com,20
ˆ°‰® –¢‰Øq,ashiya_mikako@example.com,22
‹àˆä r“ñ,kanai_shunji@example.com,28
“cè “w,tazaki_tsutomu@example.com,61
¬™ ‹PM,kosugi_akinobu@example.com,55
[’J ‹PM,fukaya_akinobu@example.com,35
–x“à Œõb,horiuchi_mitsuomi@example.com,64
×ˆä “Õ,hosoi_jun@example.com,45
‘å’J ‚Ü‚Ğ‚é,ootani_mahiru@example.com,58
Šì‘½ °b,kita_haruomi@example.com,54
‹àŠÛ ^ˆê,kanamaru_shinichi@example.com,22
’r”¨ ƒqƒJƒ‹,ikehata_hikaru@example.com,42
ùŒ´ —D,sasahara_yuu@example.com,78
”’’¹ –¾,shiratori_akira@example.com,66
¬’¬ ’·—˜,komachi_nagatoshi@example.com,46
“¡R –¢˜Ò,fujiyama_mirai@example.com,30
“n•Ó ˆê‘ã,watanabe_kazuyo@example.com,59
“c”¨ —FˆÈ”T,tabata_yuino@example.com,55
“‡è Œ›ˆê,shimazaki_kenichi@example.com,49
“à‘º —¢“Ş,uchimura_rina@example.com,55
¬“c“‡ ‰èˆÈ,odajima_mei@example.com,31
Îì ‹e¶,ishikawa_kikuo@example.com,74
ŠÖŒû ”Ü—¢,sekiguchi_yuri@example.com,33
‹{è ‰Ô,miyazaki_hana@example.com,56
¶£ ^”¿,namase_maho@example.com,26
”¨ ””V,hatake_hiroyuki@example.com,30
‹gì ‰E‹,yoshikawa_ukyou@example.com,28
“c‘º Œ[‰î,tamura_keisuke@example.com,38
‘D‹´ —Áq,funabashi_ryouko@example.com,55
‰¡ˆä •q–ç,yokoi_toshiya@example.com,73
‘ê‘ò ‰À”T,takizawa_yoshino@example.com,80
Šì‘½ Š®¢,kita_kanji@example.com,64
¬–ì —R‰F,ono_yuu@example.com,72
–q Ø“E,maki_natsumi@example.com,20
“c‘ò ãÄ‘¾,tazawa_shouta@example.com,58
‰Á“¡ —³Ÿ,katou_ryuuji@example.com,78
‹Ê“c ˆ»,tamada_aya@example.com,57
_è ˆèŒb,kannzaki_ikue@example.com,77
“’ó Š®¢,yuasa_kanji@example.com,78
´–ì ‚Ü‚Ğ‚é,kiyono_mahiru@example.com,59
‚‰ª “ì•ü,takaoka_nao@example.com,60
